BatchNo,Date,SampleID,Head,FwIndex,FwIndex_HEAD,FwPrimer,RvAnchor,RvPrimer,ExpectedLength
JHOLIB2306,2023/06/01,T1,GCTATGCGCGAGCTGC,atgtcgcagctacggtcgaa,atgtcgcagctacggtcgaaGCTATGCGCGAGCTGC,CCTNGTTGATYCTGCCAGT,GCAGCTCGCGCATAGC,TCCTGAGGGAAACTTCG,3000
JHOLIB2306,2023/06/01,T2,GCTATGCGCGAGCTGC,tatcgcggccttgagctgaa,tatcgcggccttgagctgaaGCTATGCGCGAGCTGC,CCTNGTTGATYCTGCCAGT,GCAGCTCGCGCATAGC,TCCTGAGGGAAACTTCG,3000
JHOLIB2306,2023/06/01,T3,GCTATGCGCGAGCTGC,caagactccaatatgctgaa,caagactccaatatgctgaaGCTATGCGCGAGCTGC,CCTNGTTGATYCTGCCAGT,GCAGCTCGCGCATAGC,TCCTGAGGGAAACTTCG,3000
JHOLIB2306,2023/06/01,T4,GCTATGCGCGAGCTGC,gctgtcggaccaatggacaa,gctgtcggaccaatggacaaGCTATGCGCGAGCTGC,CCTNGTTGATYCTGCCAGT,GCAGCTCGCGCATAGC,TCCTGAGGGAAACTTCG,3000
JHOLIB2306,2023/06/01,T5,GCTATGCGCGAGCTGC,aaggagcgcctgaccagcaa,aaggagcgcctgaccagcaaGCTATGCGCGAGCTGC,CCTNGTTGATYCTGCCAGT,GCAGCTCGCGCATAGC,TCCTGAGGGAAACTTCG,3000
JHOLIB2306,2023/06/01,T6,GCTATGCGCGAGCTGC,cacgatatagagaacggcaa,cacgatatagagaacggcaaGCTATGCGCGAGCTGC,CCTNGTTGATYCTGCCAGT,GCAGCTCGCGCATAGC,TCCTGAGGGAAACTTCG,3000
JHOLIB2306,2023/06/01,T7,GCTATGCGCGAGCTGC,tcgaagtgtcgaaggtgcaa,tcgaagtgtcgaaggtgcaaGCTATGCGCGAGCTGC,CCTNGTTGATYCTGCCAGT,GCAGCTCGCGCATAGC,TCCTGAGGGAAACTTCG,3000
JHOLIB2306,2023/06/01,T8,GCTATGCGCGAGCTGC,ttgttcgaacgctgctgcaa,ttgttcgaacgctgctgcaaGCTATGCGCGAGCTGC,CCTNGTTGATYCTGCCAGT,GCAGCTCGCGCATAGC,TCCTGAGGGAAACTTCG,3000
JHOLIB2306,2023/06/01,T9,GCTATGCGCGAGCTGC,attccgaggacaagagccaa,attccgaggacaagagccaaGCTATGCGCGAGCTGC,CCTNGTTGATYCTGCCAGT,GCAGCTCGCGCATAGC,TCCTGAGGGAAACTTCG,3000
JHOLIB2306,2023/06/01,T10,GCTATGCGCGAGCTGC,acttcttgattggacgccaa,acttcttgattggacgccaaGCTATGCGCGAGCTGC,CCTNGTTGATYCTGCCAGT,GCAGCTCGCGCATAGC,TCCTGAGGGAAACTTCG,3000
JHOLIB2306,2023/06/01,T11,GCTATGCGCGAGCTGC,agacggaatgtccgatccaa,agacggaatgtccgatccaaGCTATGCGCGAGCTGC,CCTNGTTGATYCTGCCAGT,GCAGCTCGCGCATAGC,TCCTGAGGGAAACTTCG,3000
JHOLIB2306,2023/06/01,T12,GCTATGCGCGAGCTGC,gtcattaccataccatccaa,gtcattaccataccatccaaGCTATGCGCGAGCTGC,CCTNGTTGATYCTGCCAGT,GCAGCTCGCGCATAGC,TCCTGAGGGAAACTTCG,3000
JHOLIB2306,2023/06/01,T13,GCTATGCGCGAGCTGC,cttgtaggttatgctgtcaa,cttgtaggttatgctgtcaaGCTATGCGCGAGCTGC,CCTNGTTGATYCTGCCAGT,GCAGCTCGCGCATAGC,TCCTGAGGGAAACTTCG,3000
JHOLIB2306,2023/06/01,T14,GCTATGCGCGAGCTGC,ggcgtgtgctaggaactcaa,ggcgtgtgctaggaactcaaGCTATGCGCGAGCTGC,CCTNGTTGATYCTGCCAGT,GCAGCTCGCGCATAGC,TCCTGAGGGAAACTTCG,3000
JHOLIB2306,2023/06/01,T15,GCTATGCGCGAGCTGC,tgcgtaccaattggcctcaa,tgcgtaccaattggcctcaaGCTATGCGCGAGCTGC,CCTNGTTGATYCTGCCAGT,GCAGCTCGCGCATAGC,TCCTGAGGGAAACTTCG,3000
JHOLIB2306,2023/06/01,T16,GCTATGCGCGAGCTGC,caactaaggatgcagcataa,caactaaggatgcagcataaGCTATGCGCGAGCTGC,CCTNGTTGATYCTGCCAGT,GCAGCTCGCGCATAGC,TCCTGAGGGAAACTTCG,3000
JHOLIB2306,2023/06/01,T17,GCTATGCGCGAGCTGC,cgagacttgccagcacgtaa,cgagacttgccagcacgtaaGCTATGCGCGAGCTGC,CCTNGTTGATYCTGCCAGT,GCAGCTCGCGCATAGC,TCCTGAGGGAAACTTCG,3000
JHOLIB2306,2023/06/01,T18,GCTATGCGCGAGCTGC,cctctctcggtcgacgttaa,cctctctcggtcgacgttaaGCTATGCGCGAGCTGC,CCTNGTTGATYCTGCCAGT,GCAGCTCGCGCATAGC,TCCTGAGGGAAACTTCG,3000
JHOLIB2306,2023/06/01,T19,GCTATGCGCGAGCTGC,agaaggctacgttaagaaga,agaaggctacgttaagaagaGCTATGCGCGAGCTGC,CCTNGTTGATYCTGCCAGT,GCAGCTCGCGCATAGC,TCCTGAGGGAAACTTCG,3000
JHOLIB2306,2023/06/01,T20,GCTATGCGCGAGCTGC,gccatcctgcatcgttaaga,gccatcctgcatcgttaagaGCTATGCGCGAGCTGC,CCTNGTTGATYCTGCCAGT,GCAGCTCGCGCATAGC,TCCTGAGGGAAACTTCG,3000
JHOLIB2306,2023/06/01,T21,GCTATGCGCGAGCTGC,tctctgcttggctagagaga,tctctgcttggctagagagaGCTATGCGCGAGCTGC,CCTNGTTGATYCTGCCAGT,GCAGCTCGCGCATAGC,TCCTGAGGGAAACTTCG,3000
JHOLIB2306,2023/06/01,T22,GCTATGCGCGAGCTGC,tgccttcgtcgtagccgaga,tgccttcgtcgtagccgagaGCTATGCGCGAGCTGC,CCTNGTTGATYCTGCCAGT,GCAGCTCGCGCATAGC,TCCTGAGGGAAACTTCG,3000
JHOLIB2306,2023/06/01,T23,GCTATGCGCGAGCTGC,ttgataagacggctgacaga,ttgataagacggctgacagaGCTATGCGCGAGCTGC,CCTNGTTGATYCTGCCAGT,GCAGCTCGCGCATAGC,TCCTGAGGGAAACTTCG,3000
JHOLIB2306,2023/06/01,T24,GCTATGCGCGAGCTGC,cttattgcagagctcgtaga,cttattgcagagctcgtagaGCTATGCGCGAGCTGC,CCTNGTTGATYCTGCCAGT,GCAGCTCGCGCATAGC,TCCTGAGGGAAACTTCG,3000
JHOLIB2306,2023/06/01,T25,GCTATGCGCGAGCTGC,tccggcctagaagatctaga,tccggcctagaagatctagaGCTATGCGCGAGCTGC,CCTNGTTGATYCTGCCAGT,GCAGCTCGCGCATAGC,TCCTGAGGGAAACTTCG,3000
JHOLIB2306,2023/06/01,T26,GCTATGCGCGAGCTGC,gagaactggatatcggagga,gagaactggatatcggaggaGCTATGCGCGAGCTGC,CCTNGTTGATYCTGCCAGT,GCAGCTCGCGCATAGC,TCCTGAGGGAAACTTCG,3000
JHOLIB2306,2023/06/01,T27,GCTATGCGCGAGCTGC,tgctaacgctcgcgatagga,tgctaacgctcgcgataggaGCTATGCGCGAGCTGC,CCTNGTTGATYCTGCCAGT,GCAGCTCGCGCATAGC,TCCTGAGGGAAACTTCG,3000
JHOLIB2306,2023/06/01,T28,GCTATGCGCGAGCTGC,gcttcaactagactcatgga,gcttcaactagactcatggaGCTATGCGCGAGCTGC,CCTNGTTGATYCTGCCAGT,GCAGCTCGCGCATAGC,TCCTGAGGGAAACTTCG,3000
JHOLIB2306,2023/06/01,T29,GCTATGCGCGAGCTGC,caggccttgcgctaactgga,caggccttgcgctaactggaGCTATGCGCGAGCTGC,CCTNGTTGATYCTGCCAGT,GCAGCTCGCGCATAGC,TCCTGAGGGAAACTTCG,3000
JHOLIB2306,2023/06/01,T30,GCTATGCGCGAGCTGC,aacctgcgcaagtcgtacga,aacctgcgcaagtcgtacgaGCTATGCGCGAGCTGC,CCTNGTTGATYCTGCCAGT,GCAGCTCGCGCATAGC,TCCTGAGGGAAACTTCG,3000
JHOLIB2306,2023/06/01,T31,GCTATGCGCGAGCTGC,actggtcgtagcctaagcga,actggtcgtagcctaagcgaGCTATGCGCGAGCTGC,CCTNGTTGATYCTGCCAGT,GCAGCTCGCGCATAGC,TCCTGAGGGAAACTTCG,3000
